-- In this SQL file, write (and comment!) the typical SQL queries users will run on your database

INSERT INTO "hotels" ("id", "name", "address", "avg_rating", "Phone")
VALUES
('1', 'Sea Sides', '34-500 Nevada', '4.3', '+48 18 207 05 20'),
('2', 'Hotel Residence', '34-500 Assam', '4.4', '+48 660 144 510'),
('3', 'Blue Oak', '43-309 Delhi', '3.3', '+48 33 814 52 88'),
('4', 'Raj Mahal', '34-335 Moshi', '3.9', '+48 33 488-72-54'),
('5', 'Lemon Tree', '34-385 Florida', '4.2', '600 233 679'),
('6', 'Hemant', 'Dubai 16 58-540 Uae', '4.5', '+48 (75) 7619376'),
('7', 'Groove Families', 'Moscow 1, 38-608 Russia', '4.0', '+ 48 534 643 873');

-- Below insert statement fills in "availabilities" table for one month ahead
INSERT INTO "availabilities" ("id", "hotelId", "date", "no_of_bed", "roomPrice", "breakfast_price")
VALUES
('1', '1', '2024-01-15', '48', '85', '30'),
('2', '1', '2024-01-16', '48', '85', '30'),
('3', '1', '2024-01-17', '48', '85', '30'),
('4', '1', '2024-01-18', '48', '85', '30'),
('5', '1', '2024-01-19', '48', '85', '30'),
('6', '1', '2024-01-20', '48', '85', '30'),
('7', '1', '2024-01-21', '48', '85', '30'),
('8', '1', '2024-01-22', '48', '85', '30'),
('9', '1', '2024-01-23', '48', '85', '30'),
('10', '1', '2024-01-24', '48', '85', '30'),
('11', '1', '2024-01-25', '48', '85', '30'),
('12', '1', '2024-01-26', '48', '85', '30'),
('13', '1', '2024-01-27', '48', '85', '30'),
('14', '1', '2024-01-28', '48', '85', '30'),
('15', '1', '2024-01-29', '48', '85', '30'),
('16', '1', '2024-01-30', '48', '85', '30'),
('17', '1', '2024-01-31', '48', '85', '30'),
('18', '1', '2024-02-01', '48', '85', '30'),
('19', '1', '2024-02-02', '48', '85', '30'),
('20', '1', '2024-02-03', '48', '85', '30'),
('21', '1', '2024-02-04', '48', '85', '30'),
('22', '1', '2024-02-05', '48', '85', '30'),
('23', '1', '2024-02-06', '48', '85', '30'),
('24', '1', '2024-02-07', '48', '85', '30'),
('25', '1', '2024-02-08', '48', '85', '30'),
('26', '1', '2024-02-09', '48', '85', '30'),
('27', '1', '2024-02-10', '48', '85', '30'),
('28', '1', '2024-02-11', '48', '85', '30'),
('29', '1', '2024-02-12', '48', '85', '30'),
('30', '1', '2024-02-13', '48', '85', '30'),
('31', '1', '2024-02-14', '48', '85', '30'),

('32', '2', '2024-01-15', '121', '95', '35'),
('33', '2', '2024-01-16', '121', '95', '35'),
('34', '2', '2024-01-17', '121', '95', '35'),
('35', '2', '2024-01-18', '121', '95', '35'),
('36', '2', '2024-01-19', '121', '95', '35'),
('37', '2', '2024-01-20', '121', '95', '35'),
('38', '2', '2024-01-21', '121', '95', '35'),
('39', '2', '2024-01-22', '121', '95', '35'),
('40', '2', '2024-01-23', '121', '95', '35'),
('41', '2', '2024-01-24', '121', '95', '35'),
('42', '2', '2024-01-25', '121', '95', '35'),
('43', '2', '2024-01-26', '121', '95', '35'),
('44', '2', '2024-01-27', '121', '95', '35'),
('45', '2', '2024-01-28', '121', '95', '35'),
('46', '2', '2024-01-29', '121', '95', '35'),
('47', '2', '2024-01-30', '121', '95', '35'),
('48', '2', '2024-01-31', '121', '95', '35'),
('49', '2', '2024-02-01', '121', '95', '35'),
('50', '2', '2024-02-02', '121', '95', '35'),
('51', '2', '2024-02-03', '121', '95', '35'),
('52', '2', '2024-02-04', '121', '95', '35'),
('53', '2', '2024-02-05', '121', '95', '35'),
('54', '2', '2024-02-06', '121', '95', '35'),
('55', '2', '2024-02-07', '121', '95', '35'),
('56', '2', '2024-02-08', '121', '95', '35'),
('57', '2', '2024-02-09', '121', '95', '35'),
('58', '2', '2024-02-10', '121', '95', '35'),
('59', '2', '2024-02-11', '121', '95', '35'),
('60', '2', '2024-02-12', '121', '95', '35'),
('61', '2', '2024-02-13', '121', '95', '35'),
('62', '2', '2024-02-14', '121', '95', '35'),

('63', '3', '2024-01-15', '38', '60', '20'),
('64', '3', '2024-01-16', '38', '60', '20'),
('65', '3', '2024-01-17', '38', '60', '20'),
('66', '3', '2024-01-18', '38', '60', '20'),
('67', '3', '2024-01-19', '38', '60', '20'),
('68', '3', '2024-01-20', '38', '60', '20'),
('69', '3', '2024-01-21', '38', '60', '20'),
('70', '3', '2024-01-22', '38', '60', '20'),
('71', '3', '2024-01-23', '38', '60', '20'),
('72', '3', '2024-01-24', '38', '60', '20'),
('73', '3', '2024-01-25', '38', '60', '20'),
('74', '3', '2024-01-26', '38', '60', '20'),
('75', '3', '2024-01-27', '38', '60', '20'),
('76', '3', '2024-01-28', '38', '60', '20'),
('77', '3', '2024-01-29', '38', '60', '20'),
('78', '3', '2024-01-30', '38', '60', '20'),
('79', '3', '2024-01-31', '38', '60', '20'),
('80', '3', '2024-02-01', '38', '60', '20'),
('81', '3', '2024-02-02', '38', '60', '20'),
('82', '3', '2024-02-03', '38', '60', '20'),
('83', '3', '2024-02-04', '38', '60', '20'),
('84', '3', '2024-02-05', '38', '60', '20'),
('85', '3', '2024-02-06', '38', '60', '20'),
('86', '3', '2024-02-07', '38', '60', '20'),
('87', '3', '2024-02-08', '38', '60', '20'),
('88', '3', '2024-02-09', '38', '60', '20'),
('89', '3', '2024-02-10', '38', '60', '20'),
('90', '3', '2024-02-11', '38', '60', '20'),
('91', '3', '2024-02-12', '38', '60', '20'),
('92', '3', '2024-02-13', '38', '60', '20'),
('93', '3', '2024-02-14', '38', '60', '20'),

('94', '4', '2024-01-15', '90', '90', '30'),
('95', '4', '2024-01-16', '90', '90', '30'),
('96', '4', '2024-01-17', '90', '90', '30'),
('97', '4', '2024-01-18', '90', '90', '30'),
('98', '4', '2024-01-19', '90', '90', '30'),
('99', '4', '2024-01-20', '90', '90', '30'),
('100', '4', '2024-01-21', '90', '90', '30'),
('101', '4', '2024-01-22', '90', '90', '30'),
('102', '4', '2024-01-23', '90', '90', '30'),
('103', '4', '2024-01-24', '90', '90', '30'),
('104', '4', '2024-01-25', '90', '90', '30'),
('105', '4', '2024-01-26', '90', '90', '30'),
('106', '4', '2024-01-27', '90', '90', '30'),
('107', '4', '2024-01-28', '90', '90', '30'),
('108', '4', '2024-01-29', '90', '90', '30'),
('109', '4', '2024-01-30', '90', '90', '30'),
('110', '4', '2024-01-31', '90', '90', '30'),
('111', '4', '2024-02-01', '90', '90', '30'),
('112', '4', '2024-02-02', '90', '90', '30'),
('113', '4', '2024-02-03', '90', '90', '30'),
('114', '4', '2024-02-04', '90', '90', '30'),
('115', '4', '2024-02-05', '90', '90', '30'),
('116', '4', '2024-02-06', '90', '90', '30'),
('117', '4', '2024-02-07', '90', '90', '30'),
('118', '4', '2024-02-08', '90', '90', '30'),
('119', '4', '2024-02-09', '90', '90', '30'),
('120', '4', '2024-02-10', '90', '90', '30'),
('121', '4', '2024-02-11', '90', '90', '30'),
('122', '4', '2024-02-12', '90', '90', '30'),
('123', '4', '2024-02-13', '90', '90', '30'),
('124', '4', '2024-02-14', '90', '90', '30'),

('125', '5', '2024-01-15', '50', '70', '25'),
('126', '5', '2024-01-16', '50', '70', '25'),
('127', '5', '2024-01-17', '50', '70', '25'),
('128', '5', '2024-01-18', '50', '70', '25'),
('129', '5', '2024-01-19', '50', '70', '25'),
('130', '5', '2024-01-20', '50', '70', '25'),
('131', '5', '2024-01-21', '50', '70', '25'),
('132', '5', '2024-01-22', '50', '70', '25'),
('133', '5', '2024-01-23', '50', '70', '25'),
('134', '5', '2024-01-24', '50', '70', '25'),
('135', '5', '2024-01-25', '50', '70', '25'),
('136', '5', '2024-01-26', '50', '70', '25'),
('137', '5', '2024-01-27', '50', '70', '25'),
('138', '5', '2024-01-28', '50', '70', '25'),
('139', '5', '2024-01-29', '50', '70', '25'),
('140', '5', '2024-01-30', '50', '70', '25'),
('141', '5', '2024-01-31', '50', '70', '25'),
('142', '5', '2024-02-01', '50', '70', '25'),
('143', '5', '2024-02-02', '50', '70', '25'),
('144', '5', '2024-02-03', '50', '70', '25'),
('145', '5', '2024-02-04', '50', '70', '25'),
('146', '5', '2024-02-05', '50', '70', '25'),
('147', '5', '2024-02-06', '50', '70', '25'),
('148', '5', '2024-02-07', '50', '70', '25'),
('149', '5', '2024-02-08', '50', '70', '25'),
('150', '5', '2024-02-09', '50', '70', '25'),
('151', '5', '2024-02-10', '50', '70', '25'),
('152', '5', '2024-02-11', '50', '70', '25'),
('153', '5', '2024-02-12', '50', '70', '25'),
('154', '5', '2024-02-13', '50', '70', '25'),
('155', '5', '2024-02-14', '50', '70', '25'),

('156', '6', '2024-01-15', '50', '80', '32'),
('157', '6', '2024-01-16', '50', '80', '32'),
('158', '6', '2024-01-17', '50', '80', '32'),
('159', '6', '2024-01-18', '50', '80', '32'),
('160', '6', '2024-01-19', '50', '80', '32'),
('161', '6', '2024-01-20', '50', '80', '32'),
('162', '6', '2024-01-21', '50', '80', '32'),
('163', '6', '2024-01-22', '50', '80', '32'),
('164', '6', '2024-01-23', '50', '80', '32'),
('165', '6', '2024-01-24', '50', '80', '32'),
('166', '6', '2024-01-25', '50', '80', '32'),
('167', '6', '2024-01-26', '50', '80', '32'),
('168', '6', '2024-01-27', '50', '80', '32'),
('169', '6', '2024-01-28', '50', '80', '32'),
('170', '6', '2024-01-29', '50', '80', '32'),
('171', '6', '2024-01-30', '50', '80', '32'),
('172', '6', '2024-01-31', '50', '80', '32'),
('173', '6', '2024-02-01', '50', '80', '32'),
('174', '6', '2024-02-02', '50', '80', '32'),
('175', '6', '2024-02-03', '50', '80', '32'),
('176', '6', '2024-02-04', '50', '80', '32'),
('177', '6', '2024-02-05', '50', '80', '32'),
('178', '6', '2024-02-06', '50', '80', '32'),
('179', '6', '2024-02-07', '50', '80', '32'),
('180', '6', '2024-02-08', '50', '80', '32'),
('181', '6', '2024-02-09', '50', '80', '32'),
('182', '6', '2024-02-10', '50', '80', '32'),
('183', '6', '2024-02-11', '50', '80', '32'),
('184', '6', '2024-02-12', '50', '80', '32'),
('185', '6', '2024-02-13', '50', '80', '32'),
('186', '6', '2024-02-14', '50', '80', '32'),

('187', '7', '2024-01-15', '24', '75', '19'),
('188', '7', '2024-01-16', '24', '75', '19'),
('189', '7', '2024-01-17', '24', '75', '19'),
('190', '7', '2024-01-18', '24', '75', '19'),
('191', '7', '2024-01-19', '24', '75', '19'),
('192', '7', '2024-01-20', '24', '75', '19'),
('193', '7', '2024-01-21', '24', '75', '19'),
('194', '7', '2024-01-22', '24', '75', '19'),
('195', '7', '2024-01-23', '24', '75', '19'),
('196', '7', '2024-01-24', '24', '75', '19'),
('197', '7', '2024-01-25', '24', '75', '19'),
('198', '7', '2024-01-26', '24', '75', '19'),
('199', '7', '2024-01-27', '24', '75', '19'),
('200', '7', '2024-01-28', '24', '75', '19'),
('201', '7', '2024-01-29', '24', '75', '19'),
('202', '7', '2024-01-30', '24', '75', '19'),
('203', '7', '2024-01-31', '24', '75', '19'),
('204', '7', '2024-02-01', '24', '75', '19'),
('205', '7', '2024-02-02', '24', '75', '19'),
('206', '7', '2024-02-03', '24', '75', '19'),
('207', '7', '2024-02-04', '24', '75', '19'),
('208', '7', '2024-02-05', '24', '75', '19'),
('209', '7', '2024-02-06', '24', '75', '19'),
('210', '7', '2024-02-07', '24', '75', '19'),
('211', '7', '2024-02-08', '24', '75', '19'),
('212', '7', '2024-02-09', '24', '75', '19'),
('213', '7', '2024-02-10', '24', '75', '19'),
('214', '7', '2024-02-11', '24', '75', '19'),
('215', '7', '2024-02-12', '24', '75', '19'),
('216', '7', '2024-02-13', '24', '75', '19'),
('217', '7', '2024-02-14', '24', '75', '19');

-- Below insert statement creates customers in "customers" table
INSERT INTO "customers" ("id", "name", "surname", "PhoneNumber")
VALUES
('1', 'Janush', 'Nokia', '+48 745-675-234'),
('2', 'Anna', 'Biden', '+48 668-063-230'),
('3', 'Tom', 'Jerry', '+44 7734-654-969');

-- Create a new booking in "customers" table
INSERT INTO "bookings" ("customer_id", "hotelId", "date", "num_of_people", "breakfast", "confirmed")
VALUES
('3', '7', '2024-01-26', '8', '1', '1');

-- Selct all of the bookings for 2024-01-18
SELECT * FROM "bookings" WHERE "date" = '2024-01-26';

-- Selct all of the bookings made by Adam
SELECT * FROM "bookings"
WHERE "customer_id" = (SELECT "id" FROM "customers" WHERE "name" LIKE 'Tom');
